Curso,Rama,Categoria,Estilo,Distancia,Tiempo
Largo,Femenil,11-12,Libre,50,0:32.36
Largo,Femenil,13-14,Libre,50,0:30.98
Largo,Femenil,15-16,Libre,50,0:30.61
Largo,Femenil,17 & May,Libre,50,0:29.81
Largo,Femenil,11-12,Libre,100,1:07.59
Largo,Femenil,13-14,Libre,100,1:05.04
Largo,Femenil,15-16,Libre,100,1:04.50
Largo,Femenil,17 & May,Libre,100,1:03.81
Largo,Femenil,11-12,Libre,200,2:26.75
Largo,Femenil,13-14,Libre,200,2:23.95
Largo,Femenil,15-16,Libre,200,2:17.73
Largo,Femenil,17 & May,Libre,200,2:16.91
Largo,Femenil,11-12,Libre,400,5:28.76
Largo,Femenil,13-14,Libre,400,5:03.21
Largo,Femenil,15-16,Libre,400,4:47.21
Largo,Femenil,17 & May,Libre,400,4:44.34
Largo,Femenil,11-12,Libre,800,10:39.28
Largo,Femenil,13-14,Libre,800,10:29.59
Largo,Femenil,15-16,Libre,800,9:48.18
Largo,Femenil,17 & May,Libre,800,9:46.22
Largo,Femenil,13-14,Libre,1500,19:07.19
Largo,Femenil,15-16,Libre,1500,18:59.23
Largo,Femenil,17 & May,Libre,1500,18:51.33
Largo,Femenil,11-12,Dorso,50,0:36.71
Largo,Femenil,13-14,Dorso,50,0:36.12
Largo,Femenil,15-16,Dorso,50,0:34.47
Largo,Femenil,17 & May,Dorso,50,0:34.24
Largo,Femenil,11-12,Dorso,100,1:19.60
Largo,Femenil,13-14,Dorso,100,1:16.00
Largo,Femenil,15-16,Dorso,100,1:15.99
Largo,Femenil,17 & May,Dorso,100,1:14.58
Largo,Femenil,11-12,Dorso,200,2:50.14
Largo,Femenil,13-14,Dorso,200,2:49.25
Largo,Femenil,15-16,Dorso,200,2:47.28
Largo,Femenil,17 & May,Dorso,200,2:43.01
Largo,Femenil,11-12,Pecho,50,0:42.69
Largo,Femenil,13-14,Pecho,50,0:41.70
Largo,Femenil,15-16,Pecho,50,0:40.18
Largo,Femenil,17 & May,Pecho,50,0:38.11
Largo,Femenil,11-12,Pecho,100,1:30.75
Largo,Femenil,13-14,Pecho,100,1:29.52
Largo,Femenil,15-16,Pecho,100,1:27.26
Largo,Femenil,17 & May,Pecho,100,1:24.89
Largo,Femenil,11-12,Pecho,200,3:16.10
Largo,Femenil,13-14,Pecho,200,3:07.72
Largo,Femenil,15-16,Pecho,200,3:05.59
Largo,Femenil,17 & May,Pecho,200,3:03.08
Largo,Femenil,11-12,Mariposa,50,0:32.61
Largo,Femenil,13-14,Mariposa,50,0:32.23
Largo,Femenil,15-16,Mariposa,50,0:32.03
Largo,Femenil,17 & May,Mariposa,50,0:31.79
Largo,Femenil,11-12,Mariposa,100,1:15.52
Largo,Femenil,13-14,Mariposa,100,1:15.11
Largo,Femenil,15-16,Mariposa,100,1:13.96
Largo,Femenil,17 & May,Mariposa,100,1:11.64
Largo,Femenil,11-12,Mariposa,200,3:02.65
Largo,Femenil,13-14,Mariposa,200,2:46.82
Largo,Femenil,15-16,Mariposa,200,2:41.49
Largo,Femenil,17 & May,Mariposa,200,2:37.86
Largo,Femenil,11-12,C. Ind,200,2:45.86
Largo,Femenil,13-14,C. Ind,200,2:44.47
Largo,Femenil,15-16,C. Ind,200,2:41.79
Largo,Femenil,17 & May,C. Ind,200,2:39.05
Largo,Femenil,13-14,C. Ind,400,5:52.71
Largo,Femenil,15-16,C. Ind,400,5:30.78
Largo,Femenil,17 & May,C. Ind,400,5:27.94
Largo,Varonil,11-12,Libre,50,0:29.82
Largo,Varonil,13-14,Libre,50,0:27.90
Largo,Varonil,15-16,Libre,50,0:27.58
Largo,Varonil,17 & May,Libre,50,0:26.05
Largo,Varonil,11-12,Libre,100,1:04.45
Largo,Varonil,13-14,Libre,100,0:59.87
Largo,Varonil,15-16,Libre,100,0:58.94
Largo,Varonil,17 & May,Libre,100,0:56.64
Largo,Varonil,11-12,Libre,200,2:23.85
Largo,Varonil,13-14,Libre,200,2:11.14
Largo,Varonil,15-16,Libre,200,2:06.20
Largo,Varonil,17 & May,Libre,200,2:00.92
Largo,Varonil,11-12,Libre,400,5:02.20
Largo,Varonil,13-14,Libre,400,4:38.40
Largo,Varonil,15-16,Libre,400,4:25.59
Largo,Varonil,17 & May,Libre,400,4:22.74
Largo,Varonil,11-12,Libre,800,10:10.74
Largo,Varonil,13-14,Libre,800,9:26.48
Largo,Varonil,15-16,Libre,800,9:17.67
Largo,Varonil,17 & May,Libre,800,8:59.74
Largo,Varonil,13-14,Libre,1500,17:56.24
Largo,Varonil,15-16,Libre,1500,17:37.83
Largo,Varonil,17 & May,Libre,1500,17:09.86
Largo,Varonil,11-12,Dorso,50,0:34.91
Largo,Varonil,13-14,Dorso,50,0:32.46
Largo,Varonil,15-16,Dorso,50,0:31.53
Largo,Varonil,17 & May,Dorso,50,0:30.65
Largo,Varonil,11-12,Dorso,100,1:16.66
Largo,Varonil,13-14,Dorso,100,1:07.81
Largo,Varonil,15-16,Dorso,100,1:06.07
Largo,Varonil,17 & May,Dorso,100,1:04.22
Largo,Varonil,11-12,Dorso,200,2:40.91
Largo,Varonil,13-14,Dorso,200,2:31.34
Largo,Varonil,15-16,Dorso,200,2:16.84
Largo,Varonil,17 & May,Dorso,200,2:14.78
Largo,Varonil,11-12,Pecho,50,0:39.36
Largo,Varonil,13-14,Pecho,50,0:35.05
Largo,Varonil,15-16,Pecho,50,0:33.29
Largo,Varonil,17 & May,Pecho,50,0:32.85
Largo,Varonil,11-12,Pecho,100,1:25.61
Largo,Varonil,13-14,Pecho,100,1:15.38
Largo,Varonil,15-16,Pecho,100,1:14.18
Largo,Varonil,17 & May,Pecho,100,1:13.57
Largo,Varonil,11-12,Pecho,200,3:04.67
Largo,Varonil,13-14,Pecho,200,2:52.46
Largo,Varonil,15-16,Pecho,200,2:44.62
Largo,Varonil,17 & May,Pecho,200,2:41.73
Largo,Varonil,11-12,Mariposa,50,0:31.83
Largo,Varonil,13-14,Mariposa,50,0:30.01
Largo,Varonil,15-16,Mariposa,50,0:29.13
Largo,Varonil,17 & May,Mariposa,50,0:28.53
Largo,Varonil,11-12,Mariposa,100,1:14.39
Largo,Varonil,13-14,Mariposa,100,1:08.60
Largo,Varonil,15-16,Mariposa,100,1:02.51
Largo,Varonil,17 & May,Mariposa,100,1:01.30
Largo,Varonil,11-12,Mariposa,200,2:44.78
Largo,Varonil,13-14,Mariposa,200,2:36.56
Largo,Varonil,15-16,Mariposa,200,2:26.28
Largo,Varonil,17 & May,Mariposa,200,2:22.70
Largo,Varonil,11-12,C. Ind,200,2:40.97
Largo,Varonil,13-14,C. Ind,200,2:31.36
Largo,Varonil,15-16,C. Ind,200,2:26.17
Largo,Varonil,17 & May,C. Ind,200,2:24.22
Largo,Varonil,13-14,C. Ind,400,5:10.12
Largo,Varonil,15-16,C. Ind,400,5:02.22
Largo,Varonil,17 & May,C. Ind,400,4:59.56
Corto,Femenil,11-12,Libre,50,0:31.56
Corto,Femenil,13-14,Libre,50,0:30.18
Corto,Femenil,15-16,Libre,50,0:29.81
Corto,Femenil,17 & May,Libre,50,0:29.01
Corto,Femenil,11-12,Libre,100,1:05.99
Corto,Femenil,13-14,Libre,100,1:03.44
Corto,Femenil,15-16,Libre,100,1:02.90
Corto,Femenil,17 & May,Libre,100,1:02.21
Corto,Femenil,11-12,Libre,200,2:23.55
Corto,Femenil,13-14,Libre,200,2:20.75
Corto,Femenil,15-16,Libre,200,2:14.53
Corto,Femenil,17 & May,Libre,200,2:13.71
Corto,Femenil,11-12,Libre,400,5:22.36
Corto,Femenil,13-14,Libre,400,4:56.81
Corto,Femenil,15-16,Libre,400,4:40.81
Corto,Femenil,17 & May,Libre,400,4:37.94
Corto,Femenil,11-12,Libre,800,10:26.48
Corto,Femenil,13-14,Libre,800,10:16.79
Corto,Femenil,15-16,Libre,800,9:35.38
Corto,Femenil,17 & May,Libre,800,9:33.42
Corto,Femenil,13-14,Libre,1500,18:43.19
Corto,Femenil,15-16,Libre,1500,18:35.23
Corto,Femenil,17 & May,Libre,1500,18:27.33
Corto,Femenil,11-12,Dorso,50,0:36.11
Corto,Femenil,13-14,Dorso,50,0:35.52
Corto,Femenil,15-16,Dorso,50,0:33.87
Corto,Femenil,17 & May,Dorso,50,0:33.64
Corto,Femenil,11-12,Dorso,100,1:18.40
Corto,Femenil,13-14,Dorso,100,1:14.80
Corto,Femenil,15-16,Dorso,100,1:14.79
Corto,Femenil,17 & May,Dorso,100,1:13.38
Corto,Femenil,11-12,Dorso,200,2:47.74
Corto,Femenil,13-14,Dorso,200,2:46.85
Corto,Femenil,15-16,Dorso,200,2:44.88
Corto,Femenil,17 & May,Dorso,200,2:40.61
Corto,Femenil,11-12,Pecho,50,0:41.69
Corto,Femenil,13-14,Pecho,50,0:40.70
Corto,Femenil,15-16,Pecho,50,0:39.18
Corto,Femenil,17 & May,Pecho,50,0:37.11
Corto,Femenil,11-12,Pecho,100,1:28.75
Corto,Femenil,13-14,Pecho,100,1:27.52
Corto,Femenil,15-16,Pecho,100,1:25.26
Corto,Femenil,17 & May,Pecho,100,1:22.89
Corto,Femenil,11-12,Pecho,200,3:12.10
Corto,Femenil,13-14,Pecho,200,3:03.72
Corto,Femenil,15-16,Pecho,200,3:01.59
Corto,Femenil,17 & May,Pecho,200,2:59.08
Corto,Femenil,11-12,Mariposa,50,0:31.91
Corto,Femenil,13-14,Mariposa,50,0:31.53
Corto,Femenil,15-16,Mariposa,50,0:31.33
Corto,Femenil,17 & May,Mariposa,50,0:31.09
Corto,Femenil,11-12,Mariposa,100,1:14.12
Corto,Femenil,13-14,Mariposa,100,1:13.71
Corto,Femenil,15-16,Mariposa,100,1:12.56
Corto,Femenil,17 & May,Mariposa,100,1:10.24
Corto,Femenil,11-12,Mariposa,200,2:59.85
Corto,Femenil,13-14,Mariposa,200,2:44.02
Corto,Femenil,15-16,Mariposa,200,2:38.69
Corto,Femenil,17 & May,Mariposa,200,2:35.06
Corto,Femenil,11-12,C. Ind,200,2:42.68
Corto,Femenil,13-14,C. Ind,200,2:41.27
Corto,Femenil,15-16,C. Ind,200,2:38.59
Corto,Femenil,17 & May,C. Ind,200,2:35.85
Corto,Femenil,11-12,C. Ind,400,5:44.56
Corto,Femenil,13-14,C. Ind,400,5:22.38
Corto,Femenil,15-16,C. Ind,400,5:24.38
Corto,Femenil,17 & May,C. Ind,400,5:21.54
Corto,Varonil,11-12,Libre,50,0:29.02
Corto,Varonil,13-14,Libre,50,0:27.10
Corto,Varonil,15-16,Libre,50,0:26.78
Corto,Varonil,17 & May,Libre,50,0:25.25
Corto,Varonil,11-12,Libre,100,1:02.85
Corto,Varonil,13-14,Libre,100,0:58.27
Corto,Varonil,15-16,Libre,100,0:57.34
Corto,Varonil,17 & May,Libre,100,0:55.04
Corto,Varonil,11-12,Libre,200,2:20.45
Corto,Varonil,13-14,Libre,200,2:07.94
Corto,Varonil,15-16,Libre,200,2:03.00
Corto,Varonil,17 & May,Libre,200,1:57.72
Corto,Varonil,11-12,Libre,400,4:55.80
Corto,Varonil,13-14,Libre,400,4:32.00
Corto,Varonil,15-16,Libre,400,4:19.19
Corto,Varonil,17 & May,Libre,400,4:16.34
Corto,Varonil,11-12,Libre,800,9:57.94
Corto,Varonil,13-14,Libre,800,9:26.48
Corto,Varonil,15-16,Libre,800,9:05.07
Corto,Varonil,17 & May,Libre,800,8:46.94
Corto,Varonil,13-14,Libre,1500,17:32.24
Corto,Varonil,15-16,Libre,1500,17:13.83
Corto,Varonil,17 & May,Libre,1500,16:45.86
Corto,Varonil,11-12,Dorso,50,0:34.31
Corto,Varonil,13-14,Dorso,50,0:31.86
Corto,Varonil,15-16,Dorso,50,0:30.93
Corto,Varonil,17 & May,Dorso,50,0:30.05
Corto,Varonil,11-12,Dorso,100,1:15.46
Corto,Varonil,13-14,Dorso,100,1:06.61
Corto,Varonil,15-16,Dorso,100,1:04.87
Corto,Varonil,17 & May,Dorso,100,1:03.02
Corto,Varonil,11-12,Dorso,200,2:38.51
Corto,Varonil,13-14,Dorso,200,2:28.94
Corto,Varonil,15-16,Dorso,200,2:14.44
Corto,Varonil,17 & May,Dorso,200,2:12.36
Corto,Varonil,11-12,Pecho,50,0:38.36
Corto,Varonil,13-14,Pecho,50,0:34.05
Corto,Varonil,15-16,Pecho,50,0:32.29
Corto,Varonil,17 & May,Pecho,50,0:31.85
Corto,Varonil,11-12,Pecho,100,1:23.61
Corto,Varonil,13-14,Pecho,100,1:13.38
Corto,Varonil,15-16,Pecho,100,1:12.16
Corto,Varonil,17 & May,Pecho,100,1:11.57
Corto,Varonil,11-12,Pecho,200,3:00.67
Corto,Varonil,13-14,Pecho,200,2:48.46
Corto,Varonil,15-16,Pecho,200,2:40.62
Corto,Varonil,17 & May,Pecho,200,2:37.73
Corto,Varonil,11-12,Mariposa,50,0:31.13
Corto,Varonil,13-14,Mariposa,50,0:29.31
Corto,Varonil,15-16,Mariposa,50,0:28.43
Corto,Varonil,17 & May,Mariposa,50,0:27.83
Corto,Varonil,11-12,Mariposa,100,1:12.99
Corto,Varonil,13-14,Mariposa,100,1:07.20
Corto,Varonil,15-16,Mariposa,100,1:01.11
Corto,Varonil,17 & May,Mariposa,100,0:59.90
Corto,Varonil,11-12,Mariposa,200,2:41.98
Corto,Varonil,13-14,Mariposa,200,2:33.76
Corto,Varonil,15-16,Mariposa,200,2:23.48
Corto,Varonil,17 & May,Mariposa,200,2:19.90
Corto,Varonil,11-12,C. Ind,200,2:37.77
Corto,Varonil,13-14,C. Ind,200,2:28.16
Corto,Varonil,15-16,C. Ind,200,2:22.97
Corto,Varonil,17 & May,C. Ind,200,2:21.02
Corto,Varonil,13-14,C. Ind,400,5:03.72
Corto,Varonil,15-16,C. Ind,400,4:55.82
Corto,Varonil,17 & May,C. Ind,400,4:53.16